Title,Category,Publisher,Description
"DevOps Dominion","Strategia","CodeForge Studios","W DevOps Dominion planowanie strategiczne spotyka się z zaawansowaną taktyką wdrożeń na dynamicznym polu bitwy pełnym kodu. Mona prowadzi Twój zespół cyfrowych wojowników przez zorkiestrowane pipeline'y i potyczki mikroserwisów, dbając o to, by każde polecenie dawało przewagę nad rywalami."
"Pipeline Conquest","Strategia","DevMasters Inc.","Pipeline Conquest stawia przed graczami wyzwanie optymalizacji procesów ciągłej integracji przy jednoczesnym odpieraniu nieprzewidzianych awarii systemu. Z Moną u boku organizuj zautomatyzowane buildy i pipeline'y wdrożeniowe w czasie rzeczywistym, by zapewnić sobie trwałe cyfrowe zwycięstwo."
"Server Siege","Strategia","GitHub Games","Server Siege rzuca Cię w sam środek cyfrowej twierdzy obleganej przez nieustępliwe cyberzagrożenia. Gdy Mona mobilizuje obronę, koordynujesz load balancery i kontrolę wersji, by umocnić swoją sieciową warownię."
"Repo Rulers","Strategia","Ops Interactive","Repo Rulers wymaga bezbłędnej taktyki i zwinnego zarządzania repozytoriami, by zdominować sieć połączonych serwerów. Pod okiem Mony egzekwujesz ochronę gałęzi i zarządzasz pull requestami na arenie o wysoką stawkę, gdzie liczy się precyzja."
"Code Puzzle Chronicles","Łamigłówki","CodeForge Studios","Code Puzzle Chronicles oferuje wymagające łamigłówki, które rozplątują zagadkowe algorytmy i tajemnicze misje debugowania. Mona towarzyszy Ci na każdym zakręcie, zapraszając koderów do opanowania zagadek logicznych inspirowanych prawdziwymi programistycznymi dylematami."
"Merge Conflict Mystery","Łamigłówki","DevMasters Inc.","Merge Conflict Mystery zanurza Cię w labiryncie merge'ów, w którym każdy element układanki może okazać się przełomem. Gdy Mona pomaga rozszyfrować błędy, Twoim zadaniem jest rozwiązywanie konfliktów i usprawnianie integracji między złożonymi gałęziami kodu."
"Bug Buster Brainteaser","Łamigłówki","GitHub Games","Bug Buster Brainteaser sprawdza Twoje zdolności analityczne za pomocą pomysłowych łamigłówek odwzorowujących prawdziwe przygody z debugowaniem. Mona pomaga Ci tropić nieuchwytne bugi, zamieniając każde wyzwanie w satysfakcjonującą wyprawę po klarowność i wydajność."
"Stack Trace Secrets","Łamigłówki","Ops Interactive","Stack Trace Secrets zaprasza Cię do odszyfrowywania wielowarstwowych logów błędów i odkrywania ukrytych w kodzie wskazówek. Pod kierunkiem Mony każdy komunikat o błędzie staje się tropem w łamigłówce o doskonaleniu architektury Twojego oprogramowania."
"Virtual Server Simulator","Symulacja","CodeForge Studios","Virtual Server Simulator przenosi Cię do hiperrealistycznego centrum danych, w którym zarządzanie zasobami jest kluczem do przetrwania. Mona prowadzi Cię, gdy równoważysz rozkład obciążenia i optymalizujesz wydajność serwerów w dynamicznym wirtualnym ekosystemie."
"Container Chaos","Symulacja","DevMasters Inc.","Container Chaos odtwarza pełne napięcia środowisko orkiestracji kontenerów, w którym każde polecenie może usprawnić lub zdestabilizować Twoje systemy. Fachowe rady Mony pomogą Ci odnaleźć się w dzikim świecie kontenerów Dockera i skalowalnych usług chmurowych."
"Infrastructure Innovator","Symulacja","GitHub Games","Infrastructure Innovator symuluje rozległy cyfrowy ekosystem, który stawia przed Tobą wyzwanie budowy solidnych sieci od podstaw. Dzięki strategicznym wskazówkom Mony zaprojektujesz i wdrożysz systemy odporne na bezlitosne wirtualne testy obciążeniowe."
"Deployment Dynasty","Symulacja","Ops Interactive","Deployment Dynasty pozwala Ci tworzyć cyfrowe imperia i zarządzać nimi w złożonych symulowanych środowiskach. Mona dzieli się swoim doświadczeniem, pomagając opanować skalowanie, monitorowanie i procedury samonaprawy, by utrzymać Twoje wirtualne władztwo."
"Code Quest Odyssey","Przygoda","CodeForge Studios","Code Quest Odyssey wysyła Cię w epicką podróż przez zaczarowane cyfrowe krainy, gdzie umiejętności programistyczne są przepustką do odkryć. W towarzystwie Mony odkrywaj pradawne kody źródłowe i pokonuj wyzwania łączące opowieść z techniczną pomysłowością."
"Binary Frontier","Przygoda","DevMasters Inc.","Binary Frontier przenosi Cię do niezbadanego cyberświata, w którym każdy nowatorski fragment kodu otwiera sekretną krainę. Pod przewodnictwem Mony przemierzaj rozległe cyfrowe krajobrazy i wytyczaj nowe terytoria w opowieści przesiąkniętej programistyczną mistyką."
"Digital Debugger's Dream","Przygoda","GitHub Games","Digital Debugger's Dream to wciągająca przygoda łącząca śledcze misje z realistycznymi scenariuszami debugowania. Gdy Mona wspiera Twoją wyprawę, każdy krok pogłębia tajemnicę cybernetycznej zagadki czekającej na rozwiązanie."
"Refactor Realms","Przygoda","Ops Interactive","Refactor Realms wzywa Cię do świata, w którym systematyczne ulepszanie kodu przekształca starożytne cyfrowe cywilizacje. Pod mentorską opieką Mony zamieniaj systemy legacy w dopracowane arcydzieła, zwiedzając zapierające dech wirtualne krainy."
"Script Strike","Akcja","CodeForge Studios","Script Strike wrzuca Cię na dynamiczne programistyczne pole bitwy, gdzie każde naciśnięcie klawisza może odwrócić losy zaciętego starcia. Mona mobilizuje Twoje siły, gdy rzucasz się w wir wyzwań w czasie rzeczywistym, łączących refleks ze sprytnym wykonywaniem skryptów."
"Terminal Turbulence","Akcja","DevMasters Inc.","Terminal Turbulence stawia Cię naprzeciw błyskawicznych starć w linii poleceń, w których liczą się wyczucie czasu i precyzja. Pozwól, by cyfrowa smykałka Mony pokierowała Twoją strategią reakcji, gdy w zawrotnym tempie przedzierasz się przez chaotyczne środowiska serwerowe."
"Repo Rampart","Akcja","GitHub Games","Repo Rampart zanurza Cię w pełnych adrenaliny misjach obronnych, w których każde polecenie musi chronić Twoje cenne bazy kodu. Gdy Mona kieruje strategią, zapobiegaj włamaniom i wykonuj błyskawiczne kontruderzenia w elektryzujących sekwencjach akcji."
"Syntax Smashdown","Akcja","Ops Interactive","Syntax Smashdown to porywające doświadczenie rodem z salonu gier, w którym błyskawiczny refleks kodera przesądza o wyniku wybuchowych cyfrowych bitew. Pod wodzą nieustraszonej Mony Twoją misją jest nokautowanie błędów i bicie rekordów w krainie, gdzie składnia jest bronią ostateczną."
"Cloud Conqueror","Akcja","CodeForge Studios","Cloud Conqueror wciąga Cię w zaciętą powietrzną bitwę ze zbuntowanymi usługami chmurowymi. Z Moną jako drugim pilotem przedzieraj się przez burzowe niebo i wymanewruj cyfrowych przeciwników w wyprawie po odzyskanie kontroli nad swoją wirtualną domeną."